,Wet Bulb Temperature,Total Rain,Wind Direction,Humidity,wind_speed_interaction,Air Temperature,Wind Speed,Maximum Wind Speed,wind_speed_interaction,Solar Radiation
Wet Bulb Temperature,1.0,0.3944277430054108,-0.12496149988616011,0.1404866309054989,-0.12939123854649628,0.827879365056813,-0.16341520674380364,-0.1248991408618875,-0.12939123854649628,0.1680804406862799
Total Rain,0.3944277430054108,1.0,0.03239727298677711,0.08883992836698151,-0.018982896387567665,0.38373766597697384,-0.07339629894756025,0.0064900593971868965,-0.018982896387567665,0.0538288611842336
Wind Direction,-0.12496149988616011,0.03239727298677711,1.0,-0.13824498602301255,0.19630090865963779,-0.10417070919261728,-0.11553813862574236,0.37803070205742123,0.19630090865963779,-0.15209686611714054
Humidity,0.1404866309054989,0.08883992836698151,-0.13824498602301255,1.0,0.07524818617017295,0.00829236586770807,0.006670307513904916,0.06655331020405413,0.07524818617017295,-0.1489949664201828
wind_speed_interaction,-0.12939123854649628,-0.018982896387567665,0.19630090865963779,0.07524818617017295,1.0,-0.15818756584491261,0.7791217157978942,0.9291080079492502,1.0,0.01030448363099905
Air Temperature,0.827879365056813,0.38373766597697384,-0.10417070919261728,0.00829236586770807,-0.15818756584491261,1.0,-0.2354523512701283,-0.13037079414161376,-0.15818756584491261,0.21836785021990984
Wind Speed,-0.16341520674380364,-0.07339629894756025,-0.11553813862574236,0.006670307513904916,0.7791217157978942,-0.2354523512701283,1.0,0.5973411406815972,0.7791217157978941,0.0530000250068478
Maximum Wind Speed,-0.1248991408618875,0.0064900593971868965,0.37803070205742123,0.06655331020405413,0.9291080079492502,-0.13037079414161376,0.5973411406815972,1.0,0.9291080079492502,0.0069452247167777524
wind_speed_interaction,-0.12939123854649628,-0.018982896387567665,0.19630090865963779,0.07524818617017295,1.0,-0.15818756584491261,0.7791217157978941,0.9291080079492502,1.0,0.01030448363099905
Solar Radiation,0.1680804406862799,0.0538288611842336,-0.15209686611714054,-0.1489949664201828,0.01030448363099905,0.21836785021990984,0.0530000250068478,0.0069452247167777524,0.01030448363099905,1.0
